latitude,longitude,brightness,scan,track,acq_date,acq_time,satellite,confidence,version,bright_t31,frp,daynight
21.517,-78.531,303,1,1,2021-02-18,0330,T,52,6.0NRT,292.2,4.5,N
17.848,-93.119,319.7,3.9,1.8,2021-02-18,0510,T,99,6.0NRT,294.5,125.7,N
17.893,-92.499,307.3,4.4,1.9,2021-02-18,0510,T,71,6.0NRT,294.2,57.9,N
17.837,-93.123,316.5,3.9,1.8,2021-02-18,0510,T,93,6.0NRT,294.3,105.9,N
17.896,-93.203,310.3,3.9,1.8,2021-02-18,0510,T,80,6.0NRT,294.6,69.7,N
18.512,-96.13,301.6,2.4,1.5,2021-02-18,0510,T,43,6.0NRT,291,18.2,N
18.51,-96.152,321.8,2.4,1.5,2021-02-18,0510,T,100,6.0NRT,291.6,71.8,N
18.508,-96.136,312.7,2.4,1.5,2021-02-18,0510,T,85,6.0NRT,291.4,43.6,N
18.506,-96.158,311.7,2.4,1.5,2021-02-18,0510,T,83,6.0NRT,291.4,40.9,N
17.853,-101.754,312,1,1,2021-02-18,0510,T,84,6.0NRT,290.2,12.5,N
17.851,-101.764,314,1,1,2021-02-18,0510,T,88,6.0NRT,291.8,13.8,N
18.197,-100.604,308.3,1.2,1.1,2021-02-18,0510,T,74,6.0NRT,294,9.6,N
18.845,-98.972,301.3,1.5,1.2,2021-02-18,0510,T,40,6.0NRT,283.1,12.3,N
18.946,-99.832,308.1,1.3,1.1,2021-02-18,0510,T,74,6.0NRT,280.8,17.6,N
19.041,-102.282,318.3,1,1,2021-02-18,0510,T,96,6.0NRT,290.4,17.2,N
20.316,-101.244,301,1.1,1.1,2021-02-18,0510,T,36,6.0NRT,282.7,8.3,N
20.644,-103.905,303.7,1,1,2021-02-18,0510,T,57,6.0NRT,283.7,8.8,N
20.643,-103.914,302.9,1,1,2021-02-18,0510,T,52,6.0NRT,282.5,8.3,N
19.239,-71.83,305.9,1.4,1.2,2021-02-18,0615,A,66,6.0NRT,289.7,11.9,N
18.931,-70.346,303.3,1.1,1.1,2021-02-18,0615,A,54,6.0NRT,290.2,6.8,N
19.569,-92.236,331.7,1,1,2021-02-18,0755,A,100,6.0NRT,297,29.4,N
19.435,-92.079,321.4,1,1,2021-02-18,0755,A,100,6.0NRT,296.5,17.3,N
19.433,-92.07,312.6,1,1,2021-02-18,0755,A,79,6.0NRT,296.3,9.3,N
19.401,-92.036,309.6,1,1,2021-02-18,0755,A,67,6.0NRT,296.4,6.9,N
19.393,-92.044,307.6,1,1,2021-02-18,0755,A,55,6.0NRT,296.2,5.9,N
18.513,-96.15,313.6,1.3,1.1,2021-02-18,0755,A,88,6.0NRT,290.9,18.6,N
18.511,-96.138,323.6,1.3,1.1,2021-02-18,0755,A,100,6.0NRT,291.8,31.5,N
17.903,-92.494,308.7,1,1,2021-02-18,0755,A,75,6.0NRT,295.5,7.3,N
17.901,-92.484,322.4,1,1,2021-02-18,0755,A,100,6.0NRT,296.2,19,N
18.092,-94.046,306.7,1,1,2021-02-18,0755,A,69,6.0NRT,292.2,8.4,N
17.904,-93.186,326,1,1,2021-02-18,0755,A,100,6.0NRT,295.8,23.7,N
17.902,-93.176,329,1,1,2021-02-18,0755,A,100,6.0NRT,296.2,27.1,N
17.895,-93.187,324.4,1,1,2021-02-18,0755,A,100,6.0NRT,296,22.3,N
17.893,-93.178,311.4,1,1,2021-02-18,0755,A,82,6.0NRT,294.4,10.1,N
17.848,-93.118,332.3,1,1,2021-02-18,0755,A,100,6.0NRT,295.6,31.9,N
17.847,-93.109,320.2,1,1,2021-02-18,0755,A,100,6.0NRT,295,17.8,N
17.839,-93.119,312.1,1,1,2021-02-18,0755,A,84,6.0NRT,294.1,11,N
17.838,-93.11,310.6,1,1,2021-02-18,0755,A,80,6.0NRT,294.1,9.8,N
32.485,-106.997,303.2,3.2,1.7,2021-02-18,1715,T,55,6.0NRT,284.7,28.6,D
32.414,-106.986,303.5,3.2,1.7,2021-02-18,1715,T,54,6.0NRT,284.6,30.2,D
23.002,-102.168,317.1,1.2,1.1,2021-02-18,1720,T,55,6.0NRT,304.8,6.5,D
21.586,-102.45,325.1,1.2,1.1,2021-02-18,1720,T,74,6.0NRT,306.9,16,D
21.585,-102.439,329,1.2,1.1,2021-02-18,1720,T,79,6.0NRT,307.1,20.8,D
21.503,-104.927,328.4,1.6,1.3,2021-02-18,1720,T,81,6.0NRT,302.6,37.5,D
19.409,-92.151,310.7,2.8,1.6,2021-02-18,1720,T,42,6.0NRT,294.6,36.4,D
21.412,-104.731,317.8,1.6,1.2,2021-02-18,1720,T,66,6.0NRT,302.1,17.4,D
21.41,-104.717,314.9,1.6,1.2,2021-02-18,1720,T,59,6.0NRT,302.3,11.9,D
20.582,-100.517,333.3,1,1,2021-02-18,1720,T,82,6.0NRT,307.4,23.9,D
20.581,-100.508,333.1,1,1,2021-02-18,1720,T,82,6.0NRT,309.4,23.3,D
20.17,-98.156,315.4,1.1,1,2021-02-18,1720,T,41,6.0NRT,295.8,12.3,D
20.607,-101.203,321.3,1,1,2021-02-18,1720,T,64,6.0NRT,306.1,8.2,D
20.553,-100.955,321.7,1,1,2021-02-18,1720,T,65,6.0NRT,308.1,7.9,D
20.59,-102.38,321.1,1.1,1.1,2021-02-18,1720,T,63,6.0NRT,307.1,9.5,D
20.103,-99.599,330.9,1,1,2021-02-18,1720,T,80,6.0NRT,309,17.8,D
20.102,-99.59,323.4,1,1,2021-02-18,1720,T,65,6.0NRT,310.2,8.7,D
20.309,-101.106,318.9,1,1,2021-02-18,1720,T,42,6.0NRT,306.1,7,D
20.51,-103.538,319.3,1.3,1.1,2021-02-18,1720,T,60,6.0NRT,306.8,7.9,D
20.382,-102.82,318.2,1.2,1.1,2021-02-18,1720,T,63,6.0NRT,304.2,6.8,D
20.468,-103.772,315.5,1.3,1.1,2021-02-18,1720,T,29,6.0NRT,302.4,7.2,D
19.9,-100.544,327.1,1,1,2021-02-18,1720,T,66,6.0NRT,308.2,15.3,D
19.176,-96.284,316.3,1.4,1.2,2021-02-18,1720,T,61,6.0NRT,297.9,12.6,D
19.556,-98.84,320.6,1.1,1,2021-02-18,1720,T,65,6.0NRT,305.8,8.6,D
19.554,-98.83,327.9,1.1,1,2021-02-18,1720,T,77,6.0NRT,305.3,17.6,D
19.746,-100.619,320.5,1,1,2021-02-18,1720,T,65,6.0NRT,306.5,8.8,D
19.745,-100.61,320.2,1,1,2021-02-18,1720,T,67,6.0NRT,306.4,8.2,D
19.94,-102.203,319.8,1.1,1,2021-02-18,1720,T,68,6.0NRT,307,9.6,D
19.681,-101.898,320.4,1.1,1,2021-02-18,1720,T,66,6.0NRT,297.2,15.5,D
19.178,-99.51,318.8,1,1,2021-02-18,1720,T,51,6.0NRT,306.5,7.1,D
18.685,-96.727,312.7,1.4,1.2,2021-02-18,1720,T,29,6.0NRT,290.6,6.1,D
18.513,-95.809,313.3,1.6,1.2,2021-02-18,1720,T,62,6.0NRT,296.4,15.6,D
18.092,-93.592,327.1,2.3,1.5,2021-02-18,1720,T,82,6.0NRT,297.5,66.8,D
18.078,-93.595,312.6,2.3,1.5,2021-02-18,1720,T,65,6.0NRT,296.1,18.9,D
18.142,-93.595,326.9,2.3,1.5,2021-02-18,1720,T,82,6.0NRT,296.9,68,D
19.116,-99.83,311.7,1,1,2021-02-18,1720,T,36,6.0NRT,297.6,8,D
18.498,-95.883,312.6,1.6,1.2,2021-02-18,1720,T,60,6.0NRT,296.6,13,D
18.496,-95.868,312.6,1.6,1.2,2021-02-18,1720,T,60,6.0NRT,297,12.9,D
18.529,-96.201,319.3,1.5,1.2,2021-02-18,1720,T,72,6.0NRT,300.5,17.3,D
18.931,-98.96,337.4,1.1,1,2021-02-18,1720,T,88,6.0NRT,307.5,29.7,D
18.929,-98.95,348.2,1.1,1,2021-02-18,1720,T,94,6.0NRT,311.7,50.3,D
19.305,-101.998,316.2,1.1,1,2021-02-18,1720,T,51,6.0NRT,303.3,6.5,D
19.632,-104.57,317,1.5,1.2,2021-02-18,1720,T,49,6.0NRT,303.1,8.3,D
17.979,-93.876,331.4,2.3,1.5,2021-02-18,1720,T,85,6.0NRT,299.9,82.8,D
18.966,-99.852,332.3,1,1,2021-02-18,1720,T,83,6.0NRT,299.2,28.3,D
17.906,-93.625,312.5,2.4,1.5,2021-02-18,1720,T,63,6.0NRT,297.4,19.1,D
17.902,-93.604,315.5,2.4,1.5,2021-02-18,1720,T,69,6.0NRT,296.6,27,D
17.829,-93.219,325.4,2.5,1.5,2021-02-18,1720,T,81,6.0NRT,290.9,80.6,D
17.942,-93.878,321.9,2.3,1.5,2021-02-18,1720,T,77,6.0NRT,299.2,45.5,D
17.938,-93.858,319.6,2.3,1.5,2021-02-18,1720,T,75,6.0NRT,298.9,37.4,D
17.864,-93.606,318.4,2.4,1.5,2021-02-18,1720,T,73,6.0NRT,296.9,36.7,D
17.791,-93.222,321,2.5,1.5,2021-02-18,1720,T,76,6.0NRT,292.4,66,D
17.787,-93.198,311.7,2.5,1.5,2021-02-18,1720,T,62,6.0NRT,292.3,32.6,D
17.977,-94.591,319.6,2,1.4,2021-02-18,1720,T,70,6.0NRT,298.5,31.6,D
18.658,-99.249,320.7,1,1,2021-02-18,1720,T,67,6.0NRT,310,8.9,D
18.21,-100.635,323.7,1,1,2021-02-18,1720,T,53,6.0NRT,311.7,7.8,D
18.038,-100.951,314,1,1,2021-02-18,1720,T,28,6.0NRT,302.4,4.7,D
18.036,-100.942,315.6,1,1,2021-02-18,1720,T,48,6.0NRT,304.1,6.4,D
17.556,-101.281,321.5,1,1,2021-02-18,1720,T,77,6.0NRT,307,8.5,D
20.131,-74.897,319.3,2.4,1.5,2021-02-18,1850,A,62,6.0NRT,295.3,39.3,D
20.127,-74.904,315.6,2.4,1.5,2021-02-18,1850,A,62,6.0NRT,295.2,29,D
20.094,-75.357,320,2.2,1.4,2021-02-18,1850,A,57,6.0NRT,299.8,19.8,D
20.456,-77.04,326.3,1.7,1.3,2021-02-18,1850,A,76,6.0NRT,299.5,35.7,D
20.454,-77.056,324.3,1.7,1.3,2021-02-18,1850,A,63,6.0NRT,298.6,30.9,D
20.488,-76.963,325.3,1.7,1.3,2021-02-18,1850,A,67,6.0NRT,300.1,28.4,D
20.502,-76.948,319.1,1.7,1.3,2021-02-18,1850,A,45,6.0NRT,296.1,14.5,D
20.754,-76.55,342.5,1.8,1.3,2021-02-18,1850,A,90,6.0NRT,301.9,84.8,D
20.752,-76.567,324.6,1.8,1.3,2021-02-18,1850,A,56,6.0NRT,299.2,25.9,D
20.747,-76.554,333.7,1.8,1.3,2021-02-18,1850,A,84,6.0NRT,303.3,48.8,D
20.871,-77.593,351.4,1.6,1.2,2021-02-18,1850,A,90,6.0NRT,300,107,D
20.869,-77.608,359.9,1.6,1.2,2021-02-18,1850,A,99,6.0NRT,303.1,147.1,D
20.859,-77.971,323.7,1.5,1.2,2021-02-18,1850,A,72,6.0NRT,301.8,16.1,D
20.857,-77.985,323,1.5,1.2,2021-02-18,1850,A,71,6.0NRT,302.8,15.8,D
20.865,-78.147,320,1.4,1.2,2021-02-18,1850,A,33,6.0NRT,301.8,12.8,D
21.136,-76.974,326.7,1.7,1.3,2021-02-18,1850,A,73,6.0NRT,298.4,34.4,D
21.017,-78.411,320.7,1.4,1.2,2021-02-18,1850,A,65,6.0NRT,300.1,16.4,D
21.071,-78.311,341.8,1.4,1.2,2021-02-18,1850,A,90,6.0NRT,304.2,55.9,D
21.07,-78.324,328.9,1.4,1.2,2021-02-18,1850,A,60,6.0NRT,306.1,21.7,D
21.099,-78.342,329.5,1.4,1.2,2021-02-18,1850,A,79,6.0NRT,304.7,21.3,D
21.166,-78.094,335.3,1.5,1.2,2021-02-18,1850,A,86,6.0NRT,301.8,46.6,D
21.546,-77.681,324.9,1.6,1.2,2021-02-18,1850,A,67,6.0NRT,299.2,29.1,D
21.544,-77.696,319.6,1.6,1.2,2021-02-18,1850,A,51,6.0NRT,297.5,18.8,D
21.546,-77.687,332.3,1.6,1.2,2021-02-18,1850,A,60,6.0NRT,299,46.3,D
21.499,-78.548,321.5,1.4,1.2,2021-02-18,1850,A,66,6.0NRT,302.2,15.2,D
21.51,-78.55,333.6,1.4,1.2,2021-02-18,1850,A,84,6.0NRT,304.2,37.9,D
20.211,-89.496,314,2.4,1.5,2021-02-18,1850,A,63,6.0NRT,300.4,17.4,D
21.998,-79.046,347.9,1.3,1.1,2021-02-18,1850,A,94,6.0NRT,306.1,71.2,D
22.17,-80.416,319.8,1.1,1.1,2021-02-18,1850,A,65,6.0NRT,306,7.8,D
22.416,-80.98,320.8,1.1,1,2021-02-18,1850,A,69,6.0NRT,301,12.5,D
22.666,-79.821,323.7,1.2,1.1,2021-02-18,1850,A,73,6.0NRT,300,16.2,D
22.665,-79.832,334.3,1.2,1.1,2021-02-18,1850,A,84,6.0NRT,302,33,D
22.622,-80.814,332.9,1.1,1,2021-02-18,1850,A,84,6.0NRT,301.9,26.4,D
22.671,-80.8,317.2,1.1,1,2021-02-18,1850,A,33,6.0NRT,303.3,6.2,D
22.758,-80.55,340.5,1.1,1.1,2021-02-18,1850,A,89,6.0NRT,307.3,41.3,D
22.756,-80.561,342.5,1.1,1.1,2021-02-18,1850,A,91,6.0NRT,307.8,44.8,D
22.693,-81.795,327.7,1,1,2021-02-18,1850,A,79,6.0NRT,302.4,19.3,D
22.72,-81.799,318.9,1,1,2021-02-18,1850,A,64,6.0NRT,304.5,7,D
23.836,-89.425,312.8,2,1.4,2021-02-18,1850,A,56,6.0NRT,292.7,29.1,D
25.962,-81.47,314.9,1.1,1,2021-02-18,1850,A,70,6.0NRT,296.9,8.4,D
26.198,-81.431,312,1.1,1,2021-02-18,1850,A,52,6.0NRT,291.5,7.9,D
26.196,-81.442,311.7,1.1,1,2021-02-18,1850,A,46,6.0NRT,293,7.3,D
26.209,-81.422,309.7,1.1,1,2021-02-18,1850,A,17,6.0NRT,290.5,6,D
26.472,-80.723,319.6,1.2,1.1,2021-02-18,1850,A,51,6.0NRT,302.2,7.4,D
27.56,-81.306,315.8,1.1,1.1,2021-02-18,1850,A,49,6.0NRT,281.3,14.2,D
27.7,-80.588,320.9,1.2,1.1,2021-02-18,1850,A,77,6.0NRT,296.6,18.5,D
27.584,-82.066,313.1,1.1,1,2021-02-18,1850,A,65,6.0NRT,289.3,8.8,D
27.796,-80.798,337,1.2,1.1,2021-02-18,1850,A,59,6.0NRT,290.6,45.5,D
27.69,-82.508,320.2,1,1,2021-02-18,1850,A,0,6.0NRT,296.7,13.2,D
37.311,-120.63,331,1,1,2021-02-18,1855,T,87,6.0NRT,283.6,31.1,D
35.881,-120.887,330.4,1,1,2021-02-18,1855,T,86,6.0NRT,293.4,27,D
34.771,-120.266,313.7,1,1,2021-02-18,1855,T,74,6.0NRT,295.8,10.2,D
34.737,-120.229,306.5,1,1,2021-02-18,1855,T,64,6.0NRT,295.3,5.1,D
34.589,-120.11,307,1,1,2021-02-18,1855,T,63,6.0NRT,293.8,5.4,D
34.016,-117.644,319.1,1.3,1.1,2021-02-18,1855,T,77,6.0NRT,296.3,18.7,D
27.961,-113.979,319.6,2.9,1.6,2021-02-18,1855,T,71,6.0NRT,303.9,37.8,D
27.96,-113.986,317.8,2.9,1.6,2021-02-18,1855,T,62,6.0NRT,303.3,30.9,D
26.744,-80.459,352.7,2,1.4,2021-02-18,1540,T,97,6.0NRT,300.7,170.3,D
26.742,-80.439,317.7,2,1.4,2021-02-18,1540,T,69,6.0NRT,299.8,24.4,D
26.741,-80.465,342.6,2,1.4,2021-02-18,1540,T,92,6.0NRT,299.9,112.3,D
26.739,-80.445,324.7,2,1.4,2021-02-18,1540,T,80,6.0NRT,300.9,42.5,D
24.844,-78.084,312.8,1.3,1.1,2021-02-18,1540,T,52,6.0NRT,297.5,8.4,D
24.842,-78.071,313.9,1.3,1.1,2021-02-18,1540,T,60,6.0NRT,298,10,D
22.79,-80.789,348,1.9,1.3,2021-02-18,1540,T,82,6.0NRT,302.7,127,D
22.765,-80.557,316.9,1.8,1.3,2021-02-18,1540,T,64,6.0NRT,302.4,19.9,D
22.78,-80.808,328.6,1.9,1.3,2021-02-18,1540,T,77,6.0NRT,301.7,49.8,D
22.753,-80.558,334.7,1.8,1.3,2021-02-18,1540,T,87,6.0NRT,301.3,66.7,D
22.751,-80.541,325.1,1.8,1.3,2021-02-18,1540,T,78,6.0NRT,300.1,38.4,D
22.287,-80.254,325.8,1.7,1.3,2021-02-18,1540,T,78,6.0NRT,303.1,33.7,D
22.285,-80.238,316.4,1.7,1.3,2021-02-18,1540,T,63,6.0NRT,302.8,13.3,D
21.767,-78.697,328.4,1.3,1.1,2021-02-18,1540,T,81,6.0NRT,302.6,28,D
21.765,-78.684,319.6,1.3,1.1,2021-02-18,1540,T,70,6.0NRT,302.7,13.1,D
21.503,-78.544,319,1.3,1.1,2021-02-18,1540,T,68,6.0NRT,301.5,12.9,D
21.185,-78.369,319.7,1.2,1.1,2021-02-18,1540,T,61,6.0NRT,304.1,10.5,D
20.981,-76.924,320.6,1.1,1,2021-02-18,1540,T,67,6.0NRT,302.1,8.9,D
20.866,-76.825,321,1.1,1,2021-02-18,1540,T,68,6.0NRT,298.6,9.9,D
20.601,-76.315,319.8,1,1,2021-02-18,1540,T,59,6.0NRT,303.6,7.1,D
20.437,-76.071,316.6,1,1,2021-02-18,1540,T,52,6.0NRT,300.5,4.1,D
19.979,-76.929,311.9,1,1,2021-02-18,1540,T,37,6.0NRT,298.4,6.5,D
20.007,-77.612,322.2,1.1,1.1,2021-02-18,1540,T,60,6.0NRT,303.2,10.8,D
19.226,-72.744,318.5,1.2,1.1,2021-02-18,1540,T,63,6.0NRT,298.8,12,D
17.839,-97.997,330.3,3,1.6,2021-02-18,2025,A,81,6.0NRT,311.7,77.8,D
18.074,-99.316,325.4,2.4,1.5,2021-02-18,2025,A,73,6.0NRT,307.6,41.3,D
18.071,-99.324,323.7,2.4,1.5,2021-02-18,2025,A,66,6.0NRT,307.8,34.3,D
18.085,-99.914,321.7,2.1,1.4,2021-02-18,2025,A,64,6.0NRT,310.5,20.3,D
18.097,-100.034,326.3,2.1,1.4,2021-02-18,2025,A,73,6.0NRT,307.3,36.6,D
18.098,-100.04,323.9,2.1,1.4,2021-02-18,2025,A,69,6.0NRT,307.1,30.5,D
18.906,-98.929,322.7,2.6,1.5,2021-02-18,2030,A,46,6.0NRT,310.9,23.9,D
18.894,-99.047,320.6,2.5,1.5,2021-02-18,2030,A,52,6.0NRT,308.9,21.4,D
19.053,-98.916,328.1,2.6,1.6,2021-02-18,2030,A,76,6.0NRT,305.4,72.1,D
19.05,-98.941,319.6,2.6,1.6,2021-02-18,2030,A,26,6.0NRT,305.5,38.9,D
19.06,-98.925,332.6,2.6,1.6,2021-02-18,2030,A,79,6.0NRT,304.8,99.3,D
19.043,-100.063,324.3,2.1,1.4,2021-02-18,2030,A,69,6.0NRT,300.3,48.2,D
19.041,-100.083,328.7,2.1,1.4,2021-02-18,2030,A,76,6.0NRT,304.5,62.2,D
19.225,-101.481,319.5,1.7,1.3,2021-02-18,2030,A,53,6.0NRT,307.9,16.2,D
19.576,-98.71,324.6,2.8,1.6,2021-02-18,2030,A,61,6.0NRT,307.8,42.5,D
19.603,-98.862,329.9,2.7,1.6,2021-02-18,2030,A,76,6.0NRT,311.8,52.5,D
19.601,-98.886,331.5,2.7,1.6,2021-02-18,2030,A,81,6.0NRT,315,58.2,D
19.581,-98.718,332.7,2.8,1.6,2021-02-18,2030,A,83,6.0NRT,308,83.9,D
19.595,-98.869,339.2,2.7,1.6,2021-02-18,2030,A,88,6.0NRT,313.2,110.1,D
19.543,-101.61,326.5,1.7,1.3,2021-02-18,2030,A,66,6.0NRT,304.4,29.2,D
19.541,-101.625,337.1,1.7,1.3,2021-02-18,2030,A,65,6.0NRT,306.3,60.3,D
19.173,-104.544,317.2,1.1,1,2021-02-18,2030,A,39,6.0NRT,304.4,7.9,D
19.552,-101.616,318.9,1.7,1.3,2021-02-18,2030,A,0,6.0NRT,303.1,12.3,D
19.78,-102.582,323.2,1.4,1.2,2021-02-18,2030,A,50,6.0NRT,310.5,17.3,D
19.779,-102.596,321.5,1.4,1.2,2021-02-18,2030,A,49,6.0NRT,307,11.9,D
19.806,-102.462,326.9,1.5,1.2,2021-02-18,2030,A,66,6.0NRT,302.5,32,D
19.808,-102.66,321.8,1.4,1.2,2021-02-18,2030,A,31,6.0NRT,310.3,10.6,D
19.578,-104.518,335.1,1.1,1.1,2021-02-18,2030,A,70,6.0NRT,312,27.5,D
20.17,-102.2,324.2,1.6,1.2,2021-02-18,2030,A,55,6.0NRT,313.3,16.2,D
20.264,-103.598,328.7,1.3,1.1,2021-02-18,2030,A,77,6.0NRT,315.4,14.4,D
20.377,-103.11,339.6,1.4,1.2,2021-02-18,2030,A,80,6.0NRT,313.2,43.6,D
20.388,-103.099,339.5,1.4,1.2,2021-02-18,2030,A,77,6.0NRT,308.7,43.9,D
20.387,-103.111,366,1.4,1.2,2021-02-18,2030,A,100,6.0NRT,317.6,137.6,D
20.386,-103.105,367,1.4,1.2,2021-02-18,2030,A,100,6.0NRT,315.7,146.1,D
20.384,-103.117,334.9,1.4,1.2,2021-02-18,2030,A,82,6.0NRT,316.4,32.2,D
20.515,-103.219,326.1,1.3,1.1,2021-02-18,2030,A,70,6.0NRT,314.1,12.3,D
20.513,-103.232,331.1,1.3,1.1,2021-02-18,2030,A,78,6.0NRT,314.8,21.8,D
20.859,-102.155,327,1.6,1.2,2021-02-18,2030,A,56,6.0NRT,312.5,18.9,D
20.861,-102.147,328.9,1.6,1.2,2021-02-18,2030,A,64,6.0NRT,312.5,24,D
20.983,-101.579,326,1.8,1.3,2021-02-18,2030,A,69,6.0NRT,310.9,22.1,D
20.981,-101.595,329.5,1.8,1.3,2021-02-18,2030,A,75,6.0NRT,311,32,D
21.076,-104.432,324.3,1.2,1.1,2021-02-18,2030,A,61,6.0NRT,312.9,8.3,D
22.272,-101.884,323.4,1.7,1.3,2021-02-18,2030,A,65,6.0NRT,310.6,14.9,D
22.268,-101.889,323.4,1.7,1.3,2021-02-18,2030,A,66,6.0NRT,310.8,16.3,D
22.963,-102.123,321.9,1.7,1.3,2021-02-18,2030,A,63,6.0NRT,310.2,12,D
22.961,-102.139,338.6,1.7,1.3,2021-02-18,2030,A,86,6.0NRT,309.9,59.6,D
22.913,-102.556,320.9,1.6,1.2,2021-02-18,2030,A,31,6.0NRT,308.7,10.9,D
22.926,-102.542,321.8,1.6,1.2,2021-02-18,2030,A,35,6.0NRT,308.7,12.1,D
22.959,-102.128,332.3,1.7,1.3,2021-02-18,2030,A,81,6.0NRT,311,38.4,D
22.957,-102.144,327.5,1.7,1.3,2021-02-18,2030,A,75,6.0NRT,309.5,24.8,D
22.914,-102.546,322.9,1.6,1.2,2021-02-18,2030,A,48,6.0NRT,308.7,14.5,D
22.925,-102.547,321.6,1.6,1.2,2021-02-18,2030,A,21,6.0NRT,308.8,11.5,D
23.54,-102.138,328.6,1.7,1.3,2021-02-18,2030,A,76,6.0NRT,311.6,31.6,D
25.08,-106.467,313.8,1.1,1,2021-02-18,2030,A,56,6.0NRT,296.4,10.4,D
26.427,-106.903,309.7,1,1,2021-02-18,2030,A,54,6.0NRT,295.3,6.1,D
27.957,-113.983,334.5,1.6,1.3,2021-02-18,2030,A,85,6.0NRT,309.1,43.1,D
27.968,-113.986,325.8,1.6,1.3,2021-02-18,2030,A,76,6.0NRT,310.7,21.6,D
28.727,-111.375,320.1,1.1,1.1,2021-02-18,2030,A,57,6.0NRT,306.4,8.9,D
30.494,-109.626,323.6,1,1,2021-02-18,2030,A,80,6.0NRT,295.9,18,D
30.493,-109.636,324.2,1,1,2021-02-18,2030,A,81,6.0NRT,297.2,18.7,D
30.957,-108.501,314.6,1,1,2021-02-18,2030,A,68,6.0NRT,301.2,6.4,D
31.214,-108.024,316.5,1,1,2021-02-18,2030,A,61,6.0NRT,300.7,7.2,D
31.838,-110.213,319.1,1,1,2021-02-18,2030,A,70,6.0NRT,297.7,10.8,D
31.836,-110.224,387,1,1,2021-02-18,2030,A,100,6.0NRT,301.4,179.5,D
31.835,-110.234,347,1,1,2021-02-18,2030,A,94,6.0NRT,297.2,50.1,D
31.846,-110.22,316.5,1,1,2021-02-18,2030,A,70,6.0NRT,298.1,8.8,D
31.845,-110.231,316.8,1,1,2021-02-18,2030,A,70,6.0NRT,299.5,9.1,D
32.598,-115.585,314.7,1.6,1.3,2021-02-18,2030,A,64,6.0NRT,300.1,16.3,D
33.413,-110.857,322.7,1,1,2021-02-18,2030,A,74,6.0NRT,296.1,18.5,D
33.411,-110.867,326.2,1,1,2021-02-18,2030,A,81,6.0NRT,296.3,22.8,D
32.596,-115.59,311.4,1.6,1.3,2021-02-18,2030,A,41,6.0NRT,299.8,10.4,D
34.966,-110.648,304.8,1,1,2021-02-18,2030,A,39,6.0NRT,291.1,2.3,D
37.075,-112.36,305.5,1,1,2021-02-18,2035,A,51,6.0NRT,286,5.6,D
36.44,-119.602,315.6,2.4,1.5,2021-02-18,2035,A,75,6.0NRT,289.6,43.3,D
36.435,-119.605,312.9,2.4,1.5,2021-02-18,2035,A,72,6.0NRT,289.4,32.6,D
44.606,-104.431,320.5,2.3,1.5,2021-02-18,2035,A,0,6.0NRT,265.8,76.9,D
19.396,-155.286,323.4,1,1,2021-02-18,2345,A,72,6.0NRT,298.6,14,D
19.406,-155.278,348.8,1,1,2021-02-18,2345,A,95,6.0NRT,301.6,53.8,D
19.405,-155.287,452.8,1,1,2021-02-18,2345,A,100,6.0NRT,328.7,757.6,D
19.403,-155.297,334.5,1,1,2021-02-18,2345,A,85,6.0NRT,300.6,27.5,D
19.414,-155.289,323.6,1,1,2021-02-18,2345,A,69,6.0NRT,292.7,15.6,D
17.981,-88.28,309,1,1,2021-02-19,0415,T,76,6.0NRT,295.6,7.3,N
18.641,-92.168,311.6,1.2,1.1,2021-02-19,0415,T,83,6.0NRT,291,16.5,N
18.639,-92.179,303.4,1.2,1.1,2021-02-19,0415,T,39,6.0NRT,289.3,8.9,N
19.399,-92.045,306.3,1.2,1.1,2021-02-19,0415,T,44,6.0NRT,294.1,6.7,N
19.423,-92.083,308,1.2,1.1,2021-02-19,0415,T,58,6.0NRT,293.9,7.6,N
19.439,-92.041,312.4,1.2,1.1,2021-02-19,0415,T,79,6.0NRT,294.5,11.6,N
19.433,-92.085,305.7,1.2,1.1,2021-02-19,0415,T,33,6.0NRT,293.8,5.7,N
19.564,-92.233,315.3,1.2,1.1,2021-02-19,0415,T,88,6.0NRT,294,15.4,N
19.562,-92.244,314.2,1.2,1.1,2021-02-19,0415,T,85,6.0NRT,294.1,14.2,N
22.758,-80.561,314,1.1,1.1,2021-02-19,0700,A,88,6.0NRT,292.2,15.7,N
22.757,-80.55,307.5,1.1,1.1,2021-02-19,0700,A,72,6.0NRT,292.4,10,N
20.244,-76.828,307.7,1.1,1,2021-02-19,0700,A,72,6.0NRT,291.3,9.5,N
19.406,-155.272,326.6,3,1.6,2021-02-19,0910,T,100,6.0NRT,281.1,136.5,N
19.403,-155.3,353.3,3,1.6,2021-02-19,0910,T,100,6.0NRT,279.1,354.1,N
19.407,-155.279,342.9,3,1.6,2021-02-19,0910,T,100,6.0NRT,282.7,252.9,N
19.404,-155.307,336.7,3,1.6,2021-02-19,0910,T,100,6.0NRT,275.5,201.3,N
20.98,-103.003,301.2,1,1,2021-02-19,0840,A,38,6.0NRT,275.2,9,N
20.53,-100.923,302.9,1.1,1.1,2021-02-19,0840,A,52,6.0NRT,281.1,11.3,N
18.962,-99.812,300.6,1.4,1.2,2021-02-19,0840,A,30,6.0NRT,279.6,12.7,N
18.034,-100.915,300.7,1.2,1.1,2021-02-19,0840,A,32,6.0NRT,289.9,6.4,N
17.933,-102.203,304.7,1.1,1,2021-02-19,0840,A,61,6.0NRT,292,7.7,N
19.413,-155.29,352.9,1.1,1.1,2021-02-19,1155,A,100,6.0NRT,280.3,85.2,N
19.412,-155.279,424,1.1,1.1,2021-02-19,1155,A,100,6.0NRT,302.5,517.6,N
19.41,-155.269,306.7,1.1,1.1,2021-02-19,1155,A,39,6.0NRT,284,11.4,N
19.402,-155.281,323.7,1.1,1.1,2021-02-19,1155,A,100,6.0NRT,283.5,28.5,N
18.932,-70.352,311.7,3,1.7,2021-02-19,1445,T,63,6.0NRT,293.8,32.7,D
18.932,-70.358,310.5,3,1.7,2021-02-19,1445,T,54,6.0NRT,293.9,28.6,D
31.219,-89.582,304,1.8,1.3,2021-02-19,1620,T,50,6.0NRT,279.3,21.1,D
27.859,-80.67,312.3,1.3,1.1,2021-02-19,1620,T,64,6.0NRT,296.3,9.7,D
27.634,-80.567,309.3,1.3,1.1,2021-02-19,1620,T,55,6.0NRT,294.6,6.7,D
27.583,-82.074,309.3,1.1,1.1,2021-02-19,1620,T,43,6.0NRT,293.6,6.3,D
26.669,-81.18,313.2,1.3,1.1,2021-02-19,1620,T,62,6.0NRT,296.2,9.3,D
22.983,-82.126,322.1,1.3,1.1,2021-02-19,1625,T,75,6.0NRT,297.1,18,D
22.684,-80.681,318.9,1.6,1.3,2021-02-19,1625,T,67,6.0NRT,299.8,18.7,D
21.094,-78.361,316,2.6,1.5,2021-02-19,1625,T,40,6.0NRT,295.4,25.8,D
18.519,-69.252,339.8,1.1,1,2021-02-19,1755,A,89,6.0NRT,302.1,36.7,D
18.518,-69.262,379.2,1.1,1,2021-02-19,1755,A,87,6.0NRT,301.8,152.7,D
18.327,-70.485,324.6,1.2,1.1,2021-02-19,1755,A,77,6.0NRT,305.7,14,D
18.528,-69.254,322.3,1.1,1,2021-02-19,1755,A,52,6.0NRT,299.7,12.6,D
18.527,-69.264,345.4,1.1,1,2021-02-19,1755,A,81,6.0NRT,296.7,48.5,D
18.514,-70.921,321.5,1.2,1.1,2021-02-19,1755,A,69,6.0NRT,306.6,10.9,D
18.868,-69.508,314.9,1.1,1,2021-02-19,1755,A,68,6.0NRT,297.7,9.5,D
18.865,-71.024,327.4,1.2,1.1,2021-02-19,1755,A,69,6.0NRT,303.9,22.8,D
18.931,-72.2,329.2,1.5,1.2,2021-02-19,1755,A,82,6.0NRT,307.2,27.1,D
19.562,-71.478,323.9,1.3,1.1,2021-02-19,1755,A,73,6.0NRT,308.4,11.5,D
32.915,-98.165,310.5,3,1.6,2021-02-19,1800,T,40,6.0NRT,276.4,67.7,D
31.451,-98.109,308.3,3.3,1.7,2021-02-19,1800,T,67,6.0NRT,277,67.6,D
31.443,-98.075,314.1,3.3,1.7,2021-02-19,1800,T,74,6.0NRT,276.6,92.6,D
32.427,-103.144,301.8,1.5,1.2,2021-02-19,1800,T,49,6.0NRT,286.6,6.3,D
32.416,-103.147,301.2,1.5,1.2,2021-02-19,1800,T,43,6.0NRT,286.5,5.6,D
33.415,-110.86,316.7,1.2,1.1,2021-02-19,1800,T,75,6.0NRT,291.4,16.9,D
31.814,-106.425,306.4,1.1,1,2021-02-19,1800,T,54,6.0NRT,288.5,4.8,D
30.831,-103.01,311.4,1.6,1.2,2021-02-19,1800,T,71,6.0NRT,282.9,26,D
30.828,-102.993,310.4,1.6,1.3,2021-02-19,1800,T,70,6.0NRT,282.6,25,D
30.131,-103.605,314.2,1.5,1.2,2021-02-19,1800,T,74,6.0NRT,282.4,27.5,D
30.129,-103.612,303.7,1.5,1.2,2021-02-19,1800,T,53,6.0NRT,282.2,12.7,D
30.126,-103.596,300.3,1.5,1.2,2021-02-19,1800,T,24,6.0NRT,281.9,9,D
26.103,-97.748,336.5,4.7,2,2021-02-19,1800,T,85,6.0NRT,287.5,353.1,D
26.092,-97.702,319,4.7,2,2021-02-19,1800,T,75,6.0NRT,285.7,159.1,D
26.086,-97.753,320,4.7,2,2021-02-19,1800,T,75,6.0NRT,285.2,164.5,D
26.094,-97.709,325.8,4.7,2,2021-02-19,1800,T,73,6.0NRT,286.1,224.9,D
26.087,-97.759,318,4.7,2,2021-02-19,1800,T,0,6.0NRT,285.2,156.7,D
25.481,-99.996,301.9,3.4,1.7,2021-02-19,1800,T,33,6.0NRT,290.3,23,D
22.952,-105.854,316.5,1.5,1.2,2021-02-19,1800,T,68,6.0NRT,303.4,10,D
19.801,-105.255,313.4,1.9,1.3,2021-02-19,1805,T,60,6.0NRT,300.2,12.7,D
17.837,-97.968,317.7,1.8,1.3,2021-02-19,1930,A,60,6.0NRT,302.5,15.7,D
17.834,-97.986,319.1,1.8,1.3,2021-02-19,1930,A,63,6.0NRT,302.3,18.1,D
